Variant,Slice,Sharpe,MaxDD,AnnRet,AnnVol,Calmar,WinRate,Trades,FinalEquity
Baseline SMA 50/200,Train,0.28731955059604763,-0.8723756610022217,0.029379096997810716,0.4419818468063212,0.033677116764191675,0.5128504672897196,11,134322.49627011825
Baseline SMA 50/200,Test,0.8313088303651722,-0.6226066499311496,0.21680163134466923,0.28484930941763575,0.34821605482152185,0.5210651828298887,6,709324.7897330162
Enhanced Default,Train,0.88,-0.20620000000000002,0.10949999999999999,0.1246,,0.2804,1370,288278.06
Enhanced Default,Test,0.80,-0.2223,0.10679999999999999,0.133,,0.32789999999999997,1571,275454.58
Enhanced Optimized,Train,0.72,-0.207,0.09359999999999999,0.1307,,0.2717,1378,257854.29
Enhanced Optimized,Test,0.41,-0.2122,0.0397,0.09759999999999999,,0.18760000000000002,912,147507.89
